Class,Mut,MutSpec
Actinopteri,A[A>C]A,6.568361952952888e-05
Actinopteri,A[A>C]C,0.001479222722106221
Actinopteri,A[A>C]G,0.0005001008258272323
Actinopteri,A[A>C]T,0.0
Actinopteri,A[A>G]A,0.006480323637920892
Actinopteri,A[A>G]C,0.013386798773448148
Actinopteri,A[A>G]G,0.009214514620899046
Actinopteri,A[A>G]T,0.011668668174961781
Actinopteri,A[A>T]A,0.001255876948076789
Actinopteri,A[A>T]C,0.0007074585271499163
Actinopteri,A[A>T]G,0.0004125917648162805
Actinopteri,A[A>T]T,0.0
Actinopteri,A[C>A]A,0.00013085280409325125
Actinopteri,A[C>A]C,0.0009176260516400895
Actinopteri,A[C>A]G,0.000503750416619013
Actinopteri,A[C>A]T,0.0
Actinopteri,A[C>G]A,0.0023119275648052404
Actinopteri,A[C>G]C,0.002405069523591655
Actinopteri,A[C>G]G,0.004114229463811633
Actinopteri,A[C>G]T,0.0
Actinopteri,A[C>T]A,0.02849116106269804
Actinopteri,A[C>T]C,0.03718454872016608
Actinopteri,A[C>T]G,0.02837242423269282
Actinopteri,A[C>T]T,0.03048064133313359
Actinopteri,A[G>A]A,0.0063398532838397584
Actinopteri,A[G>A]C,0.004125017875880079
Actinopteri,A[G>A]G,0.00365832313087908
Actinopteri,A[G>A]T,0.0053429311382656745
Actinopteri,A[G>C]A,0.000632074917042292
Actinopteri,A[G>C]C,0.0022658264844173915
Actinopteri,A[G>C]G,0.0008203875579736474
Actinopteri,A[G>C]T,0.0
Actinopteri,A[G>T]A,0.0035290249958266173
Actinopteri,A[G>T]C,0.0018146806833354218
Actinopteri,A[G>T]G,0.0011118360444957085
Actinopteri,A[G>T]T,0.0
Actinopteri,A[T>A]A,0.0011793250090591256
Actinopteri,A[T>A]C,0.0006928633624423365
Actinopteri,A[T>A]G,0.0003958987218075394
Actinopteri,A[T>A]T,0.0
Actinopteri,A[T>C]A,0.009330309148660784
Actinopteri,A[T>C]C,0.014493789032380536
Actinopteri,A[T>C]G,0.006377992754073164
Actinopteri,A[T>C]T,0.012350314438558772
Actinopteri,A[T>G]A,0.0007768378753453926
Actinopteri,A[T>G]C,0.0023499268214261164
Actinopteri,A[T>G]G,0.0011926427503735524
Actinopteri,A[T>G]T,0.0
Actinopteri,C[A>C]A,0.0008651285306975465
Actinopteri,C[A>C]C,0.002438518108018728
Actinopteri,C[A>C]G,0.000998378618297686
Actinopteri,C[A>C]T,0.0
Actinopteri,C[A>G]A,0.006486752585573159
Actinopteri,C[A>G]C,0.00874908105965237
Actinopteri,C[A>G]G,0.007688917690121293
Actinopteri,C[A>G]T,0.008569677361064247
Actinopteri,C[A>T]A,0.0007156336131641329
Actinopteri,C[A>T]C,0.0006113814836287945
Actinopteri,C[A>T]G,0.00042933358756267706
Actinopteri,C[A>T]T,0.0
Actinopteri,C[C>A]A,0.001839327873375132
Actinopteri,C[C>A]C,0.0010545916226908146
Actinopteri,C[C>A]G,0.0005225268004503326
Actinopteri,C[C>A]T,0.0
Actinopteri,C[C>G]A,0.001671048962175584
Actinopteri,C[C>G]C,0.0015827420972927791
Actinopteri,C[C>G]G,0.0026274396799432055
Actinopteri,C[C>G]T,0.0
Actinopteri,C[C>T]A,0.02338900278407012
Actinopteri,C[C>T]C,0.041590783462606515
Actinopteri,C[C>T]G,0.03184796045206356
Actinopteri,C[C>T]T,0.013430170283239496
Actinopteri,C[G>A]A,0.009770615586021091
Actinopteri,C[G>A]C,0.006632161575717324
Actinopteri,C[G>A]G,0.00496822032859782
Actinopteri,C[G>A]T,0.005317049709281343
Actinopteri,C[G>C]A,0.000800122597103261
Actinopteri,C[G>C]C,0.0014784286651915017
Actinopteri,C[G>C]G,0.0008945730350886361
Actinopteri,C[G>C]T,0.0
Actinopteri,C[G>T]A,0.0034549832235035534
Actinopteri,C[G>T]C,0.0017629806859542408
Actinopteri,C[G>T]G,0.0009504583227205262
Actinopteri,C[G>T]T,0.0
Actinopteri,C[T>A]A,0.0004878431945815233
Actinopteri,C[T>A]C,0.00039142119872137327
Actinopteri,C[T>A]G,0.000429865692442769
Actinopteri,C[T>A]T,0.0
Actinopteri,C[T>C]A,0.009918818098820593
Actinopteri,C[T>C]C,0.015176504811013044
Actinopteri,C[T>C]G,0.006344642405428607
Actinopteri,C[T>C]T,0.006780317324143228
Actinopteri,C[T>G]A,0.0006220559293627732
Actinopteri,C[T>G]C,0.0005703696033438992
Actinopteri,C[T>G]G,0.001010619235416597
Actinopteri,C[T>G]T,0.0
Actinopteri,G[A>C]A,0.000387265250436622
Actinopteri,G[A>C]C,0.0007286592706855665
Actinopteri,G[A>C]G,0.001101514917357165
Actinopteri,G[A>C]T,0.0
Actinopteri,G[A>G]A,0.009534157878061571
Actinopteri,G[A>G]C,0.011477830931613498
Actinopteri,G[A>G]G,0.014707668144483647
Actinopteri,G[A>G]T,0.019946966964379396
Actinopteri,G[A>T]A,0.0003924532711341889
Actinopteri,G[A>T]C,0.0010053728005002336
Actinopteri,G[A>T]G,0.0013536540001969992
Actinopteri,G[A>T]T,0.0
Actinopteri,G[C>A]A,0.000903410423182386
Actinopteri,G[C>A]C,3.428992987692772e-05
Actinopteri,G[C>A]G,0.0013936583674010914
Actinopteri,G[C>A]T,0.0
Actinopteri,G[C>G]A,0.002258855153157506
Actinopteri,G[C>G]C,0.004992415562150701
Actinopteri,G[C>G]G,0.003964309406594932
Actinopteri,G[C>G]T,0.0
Actinopteri,G[C>T]A,0.025290467614606158
Actinopteri,G[C>T]C,0.03866030339528611
Actinopteri,G[C>T]G,0.03791140804295199
Actinopteri,G[C>T]T,0.014929306863914903
Actinopteri,G[G>A]A,0.006548598935825513
Actinopteri,G[G>A]C,0.003929739199566148
Actinopteri,G[G>A]G,0.004226789942127705
Actinopteri,G[G>A]T,0.006845087854426556
Actinopteri,G[G>C]A,0.00048202503704937726
Actinopteri,G[G>C]C,0.0015998128105352023
Actinopteri,G[G>C]G,0.0004774736748957853
Actinopteri,G[G>C]T,0.0
Actinopteri,G[G>T]A,0.0021917874247659153
Actinopteri,G[G>T]C,0.0011085192702217175
Actinopteri,G[G>T]G,0.0008775326432305558
Actinopteri,G[G>T]T,0.0
Actinopteri,G[T>A]A,0.002100721411638637
Actinopteri,G[T>A]C,0.0005539823742021374
Actinopteri,G[T>A]G,0.0010786399911219733
Actinopteri,G[T>A]T,0.0
Actinopteri,G[T>C]A,0.010544692717218886
Actinopteri,G[T>C]C,0.012594770490609197
Actinopteri,G[T>C]G,0.010111976596110727
Actinopteri,G[T>C]T,0.009843240413770622
Actinopteri,G[T>G]A,0.0010805417922588893
Actinopteri,G[T>G]C,0.0011382934189437693
Actinopteri,G[T>G]G,0.002073505324635737
Actinopteri,G[T>G]T,0.0
Actinopteri,T[A>C]A,0.0003536889563093522
Actinopteri,T[A>C]C,0.0022368137702747292
Actinopteri,T[A>C]G,0.00043663321951624136
Actinopteri,T[A>C]T,0.0
Actinopteri,T[A>G]A,0.008898381963855987
Actinopteri,T[A>G]C,0.01240740710234745
Actinopteri,T[A>G]G,0.010924828876282126
Actinopteri,T[A>G]T,0.01294689560638749
Actinopteri,T[A>T]A,0.0023136282599576902
Actinopteri,T[A>T]C,0.0015006107262080938
Actinopteri,T[A>T]G,0.0005641625884969811
Actinopteri,T[A>T]T,0.0
Actinopteri,T[C>A]A,0.0014672926709262386
Actinopteri,T[C>A]C,0.001208147017994918
Actinopteri,T[C>A]G,0.002419154049904904
Actinopteri,T[C>A]T,0.0
Actinopteri,T[C>G]A,0.0021499961335381015
Actinopteri,T[C>G]C,0.0026946944551380185
Actinopteri,T[C>G]G,0.004058680314463065
Actinopteri,T[C>G]T,0.0
Actinopteri,T[C>T]A,0.02444376497044613
Actinopteri,T[C>T]C,0.02284872527598911
Actinopteri,T[C>T]G,0.025358453304207433
Actinopteri,T[C>T]T,0.020366541444264145
Actinopteri,T[G>A]A,0.011403131644284465
Actinopteri,T[G>A]C,0.007049129961654904
Actinopteri,T[G>A]G,0.008185425917556482
Actinopteri,T[G>A]T,0.008878700117331011
Actinopteri,T[G>C]A,0.0008916875745704147
Actinopteri,T[G>C]C,0.00037300144544918066
Actinopteri,T[G>C]G,0.0004411087130649006
Actinopteri,T[G>C]T,0.0
Actinopteri,T[G>T]A,0.0016279744143185436
Actinopteri,T[G>T]C,0.0022060176243179517
Actinopteri,T[G>T]G,0.000935080319512575
Actinopteri,T[G>T]T,0.0
Actinopteri,T[T>A]A,0.0017918012395125686
Actinopteri,T[T>A]C,0.0015854807765303212
Actinopteri,T[T>A]G,0.0012663264669682634
Actinopteri,T[T>A]T,0.0
Actinopteri,T[T>C]A,0.007485068114993743
Actinopteri,T[T>C]C,0.006916978779037448
Actinopteri,T[T>C]G,0.006708062265712645
Actinopteri,T[T>C]T,0.006857802027317287
Actinopteri,T[T>G]A,0.0004582653293207157
Actinopteri,T[T>G]C,0.0003968360321013044
Actinopteri,T[T>G]G,0.0008281463265966656
Actinopteri,T[T>G]T,0.0
Amphibia,A[A>C]A,0.0
Amphibia,A[A>C]C,0.00027283732041053025
Amphibia,A[A>C]G,0.000505863044373496
Amphibia,A[A>C]T,0.0
Amphibia,A[A>G]A,0.007507805548576832
Amphibia,A[A>G]C,0.014436248961909563
Amphibia,A[A>G]G,0.006569608231177324
Amphibia,A[A>G]T,0.013471696854472791
Amphibia,A[A>T]A,0.000352169311188025
Amphibia,A[A>T]C,0.0
Amphibia,A[A>T]G,0.0007527380754946908
Amphibia,A[A>T]T,0.0
Amphibia,A[C>A]A,0.0
Amphibia,A[C>A]C,0.0002263772432262605
Amphibia,A[C>A]G,0.0
Amphibia,A[C>A]T,0.0
Amphibia,A[C>G]A,0.0028623394184474106
Amphibia,A[C>G]C,0.0007441556111008645
Amphibia,A[C>G]G,0.0005811834440449382
Amphibia,A[C>G]T,0.0
Amphibia,A[C>T]A,0.038063310873243966
Amphibia,A[C>T]C,0.0239351389864006
Amphibia,A[C>T]G,0.03135391313144966
Amphibia,A[C>T]T,0.034622661593869786
Amphibia,A[G>A]A,0.008299740859505076
Amphibia,A[G>A]C,0.006372610017512215
Amphibia,A[G>A]G,0.0057408509573342315
Amphibia,A[G>A]T,0.00874149825713254
Amphibia,A[G>C]A,0.0003203750913236355
Amphibia,A[G>C]C,0.00023713043085767894
Amphibia,A[G>C]G,5.5843699813717094e-05
Amphibia,A[G>C]T,0.0
Amphibia,A[G>T]A,0.004028030475069927
Amphibia,A[G>T]C,0.0020517338399509014
Amphibia,A[G>T]G,0.0022836572513240893
Amphibia,A[G>T]T,0.0
Amphibia,A[T>A]A,0.0007401273180631842
Amphibia,A[T>A]C,0.0005130776447990342
Amphibia,A[T>A]G,0.0013821783437273198
Amphibia,A[T>A]T,0.0
Amphibia,A[T>C]A,0.006180385989741149
Amphibia,A[T>C]C,0.012773454823309913
Amphibia,A[T>C]G,0.00458871614841425
Amphibia,A[T>C]T,0.011584309069290465
Amphibia,A[T>G]A,0.001005075766064225
Amphibia,A[T>G]C,0.0006252307718899738
Amphibia,A[T>G]G,0.0012422127847655975
Amphibia,A[T>G]T,0.0
Amphibia,C[A>C]A,0.0014413070129858986
Amphibia,C[A>C]C,0.0042287916570043485
Amphibia,C[A>C]G,0.0016831377158533474
Amphibia,C[A>C]T,0.0
Amphibia,C[A>G]A,0.00727154717918927
Amphibia,C[A>G]C,0.015575227918391043
Amphibia,C[A>G]G,0.005694039679342017
Amphibia,C[A>G]T,0.00577749660464843
Amphibia,C[A>T]A,0.0003787106643648342
Amphibia,C[A>T]C,0.0016053197022280225
Amphibia,C[A>T]G,0.0004902442804803038
Amphibia,C[A>T]T,0.0
Amphibia,C[C>A]A,0.0009363395382729435
Amphibia,C[C>A]C,0.004173239146586565
Amphibia,C[C>A]G,0.0014041625738659739
Amphibia,C[C>A]T,0.0
Amphibia,C[C>G]A,0.0032287844696215935
Amphibia,C[C>G]C,0.0008161046267958473
Amphibia,C[C>G]G,0.0003844563099090526
Amphibia,C[C>G]T,0.0
Amphibia,C[C>T]A,0.01897795516719472
Amphibia,C[C>T]C,0.03188488181894953
Amphibia,C[C>T]G,0.0314445737921961
Amphibia,C[C>T]T,0.007669388804831002
Amphibia,C[G>A]A,0.015689093046428584
Amphibia,C[G>A]C,0.015265579685723098
Amphibia,C[G>A]G,0.007013072172370035
Amphibia,C[G>A]T,0.011628180675514913
Amphibia,C[G>C]A,0.0
Amphibia,C[G>C]C,0.000303344075575125
Amphibia,C[G>C]G,6.052839572441711e-05
Amphibia,C[G>C]T,0.0
Amphibia,C[G>T]A,0.006324837314974216
Amphibia,C[G>T]C,0.0036843343517008707
Amphibia,C[G>T]G,0.002308649149252145
Amphibia,C[G>T]T,0.0
Amphibia,C[T>A]A,0.0004921246063490974
Amphibia,C[T>A]C,0.0003347158074927329
Amphibia,C[T>A]G,0.00034580527012931185
Amphibia,C[T>A]T,0.0
Amphibia,C[T>C]A,0.007477122185743286
Amphibia,C[T>C]C,0.015426449647787995
Amphibia,C[T>C]G,0.004011913727814026
Amphibia,C[T>C]T,0.0027129887324580854
Amphibia,C[T>G]A,0.0008622494187387526
Amphibia,C[T>G]C,0.0002577555700438868
Amphibia,C[T>G]G,0.0007344804050822039
Amphibia,C[T>G]T,0.0
Amphibia,G[A>C]A,0.00010175560911729342
Amphibia,G[A>C]C,0.0
Amphibia,G[A>C]G,0.0004137202955378119
Amphibia,G[A>C]T,0.0
Amphibia,G[A>G]A,0.00927822818954137
Amphibia,G[A>G]C,0.010945079172079607
Amphibia,G[A>G]G,0.01515460748288032
Amphibia,G[A>G]T,0.014796714670643547
Amphibia,G[A>T]A,0.0007929610624819448
Amphibia,G[A>T]C,0.0006291674116919343
Amphibia,G[A>T]G,0.0009563318499660606
Amphibia,G[A>T]T,0.0
Amphibia,G[C>A]A,0.0006158038393251803
Amphibia,G[C>A]C,0.0
Amphibia,G[C>A]G,0.001275307150156492
Amphibia,G[C>A]T,0.0
Amphibia,G[C>G]A,0.0007306969318977605
Amphibia,G[C>G]C,0.0
Amphibia,G[C>G]G,0.0052366012913101015
Amphibia,G[C>G]T,0.0
Amphibia,G[C>T]A,0.024646107513426392
Amphibia,G[C>T]C,0.03791541828626347
Amphibia,G[C>T]G,0.025281717872923985
Amphibia,G[C>T]T,0.019947853070780775
Amphibia,G[G>A]A,0.01150471945837048
Amphibia,G[G>A]C,0.008155613228209341
Amphibia,G[G>A]G,0.0062630983937470176
Amphibia,G[G>A]T,0.009554241701662363
Amphibia,G[G>C]A,0.00038586157969359216
Amphibia,G[G>C]C,0.001998775342132025
Amphibia,G[G>C]G,0.00010798152604404869
Amphibia,G[G>C]T,0.0
Amphibia,G[G>T]A,0.003774259794874195
Amphibia,G[G>T]C,0.0011121709344657788
Amphibia,G[G>T]G,0.002396670509977357
Amphibia,G[G>T]T,0.0
Amphibia,G[T>A]A,0.004493802935775894
Amphibia,G[T>A]C,0.0005189668768474593
Amphibia,G[T>A]G,0.002436533165037733
Amphibia,G[T>A]T,0.0
Amphibia,G[T>C]A,0.005180830256378745
Amphibia,G[T>C]C,0.009860176340219559
Amphibia,G[T>C]G,0.005152040653457714
Amphibia,G[T>C]T,0.004854791844942367
Amphibia,G[T>G]A,0.0005928836604808921
Amphibia,G[T>G]C,0.0004700934606104816
Amphibia,G[T>G]G,0.0014416136110757803
Amphibia,G[T>G]T,0.0
Amphibia,T[A>C]A,0.0
Amphibia,T[A>C]C,0.000531435655630304
Amphibia,T[A>C]G,0.00020457447756967894
Amphibia,T[A>C]T,0.0
Amphibia,T[A>G]A,0.010667774851455017
Amphibia,T[A>G]C,0.012224740567211257
Amphibia,T[A>G]G,0.011136356945272954
Amphibia,T[A>G]T,0.012071437013012604
Amphibia,T[A>T]A,0.0021702176282153898
Amphibia,T[A>T]C,0.0007880279820931513
Amphibia,T[A>T]G,0.0005939844546396026
Amphibia,T[A>T]T,0.0
Amphibia,T[C>A]A,0.0017892820768836393
Amphibia,T[C>A]C,0.0005765217422353316
Amphibia,T[C>A]G,0.0020142976261227448
Amphibia,T[C>A]T,0.0
Amphibia,T[C>G]A,0.00014128866258949737
Amphibia,T[C>G]C,0.0
Amphibia,T[C>G]G,0.0
Amphibia,T[C>G]T,0.0
Amphibia,T[C>T]A,0.030569822690005546
Amphibia,T[C>T]C,0.03556421854590284
Amphibia,T[C>T]G,0.02215338136390835
Amphibia,T[C>T]T,0.02353693075080344
Amphibia,T[G>A]A,0.017678107586568615
Amphibia,T[G>A]C,0.007525006760756459
Amphibia,T[G>A]G,0.014258603158189016
Amphibia,T[G>A]T,0.01565825561844288
Amphibia,T[G>C]A,0.0
Amphibia,T[G>C]C,0.00014229320641040395
Amphibia,T[G>C]G,8.080369321874737e-05
Amphibia,T[G>C]T,0.0
Amphibia,T[G>T]A,0.005618735301735273
Amphibia,T[G>T]C,0.0
Amphibia,T[G>T]G,0.0019361294200249354
Amphibia,T[G>T]T,0.0
Amphibia,T[T>A]A,0.0018913278205443236
Amphibia,T[T>A]C,0.0007667013358860619
Amphibia,T[T>A]G,0.0020843378269868656
Amphibia,T[T>A]T,0.0
Amphibia,T[T>C]A,0.006533706033820069
Amphibia,T[T>C]C,0.00402268850035005
Amphibia,T[T>C]G,0.005282319515257056
Amphibia,T[T>C]T,0.004140814021404343
Amphibia,T[T>G]A,0.0003548302541033263
Amphibia,T[T>G]C,0.0
Amphibia,T[T>G]G,0.0012946298478320197
Amphibia,T[T>G]T,0.0
Aves,A[A>C]A,0.0
Aves,A[A>C]C,0.0
Aves,A[A>C]G,5.121710227039077e-05
Aves,A[A>C]T,0.0
Aves,A[A>G]A,0.01667232222972411
Aves,A[A>G]C,0.01596117586127146
Aves,A[A>G]G,0.020613694807328855
Aves,A[A>G]T,0.028193357121274975
Aves,A[A>T]A,0.0
Aves,A[A>T]C,0.0
Aves,A[A>T]G,4.365742054050846e-05
Aves,A[A>T]T,0.0
Aves,A[C>A]A,0.0
Aves,A[C>A]C,0.0
Aves,A[C>A]G,0.0
Aves,A[C>A]T,0.0
Aves,A[C>G]A,0.0005076515939175377
Aves,A[C>G]C,0.0036880939533398736
Aves,A[C>G]G,0.001273426646577116
Aves,A[C>G]T,0.0
Aves,A[C>T]A,0.0321762832922974
Aves,A[C>T]C,0.022744029920852782
Aves,A[C>T]G,0.02157932855759134
Aves,A[C>T]T,0.01970650336742306
Aves,A[G>A]A,0.003670431188414359
Aves,A[G>A]C,0.005848637312248096
Aves,A[G>A]G,0.0047925018677479805
Aves,A[G>A]T,0.0046786732118346535
Aves,A[G>C]A,7.279972906314154e-05
Aves,A[G>C]C,0.00048377743428545386
Aves,A[G>C]G,2.119372854804846e-05
Aves,A[G>C]T,0.0
Aves,A[G>T]A,0.0034239283586788957
Aves,A[G>T]C,0.0009533584130103708
Aves,A[G>T]G,0.0015500774559751023
Aves,A[G>T]T,0.0
Aves,A[T>A]A,0.00014891969853444309
Aves,A[T>A]C,0.0002878374458113977
Aves,A[T>A]G,0.0003912234799541608
Aves,A[T>A]T,0.0
Aves,A[T>C]A,0.005945174220473707
Aves,A[T>C]C,0.009586808704143246
Aves,A[T>C]G,0.004061988556409762
Aves,A[T>C]T,0.007269690843143976
Aves,A[T>G]A,0.0006204400597647516
Aves,A[T>G]C,0.0006630120972340084
Aves,A[T>G]G,0.0014818170698418385
Aves,A[T>G]T,0.0
Aves,C[A>C]A,4.787581056701153e-05
Aves,C[A>C]C,0.0
Aves,C[A>C]G,8.779843325261461e-05
Aves,C[A>C]T,0.0
Aves,C[A>G]A,0.01989398995177159
Aves,C[A>G]C,0.026965714253689963
Aves,C[A>G]G,0.021703027036868314
Aves,C[A>G]T,0.017155252983187583
Aves,C[A>T]A,0.00013640598728424154
Aves,C[A>T]C,0.0004939273242950161
Aves,C[A>T]G,0.0
Aves,C[A>T]T,0.0
Aves,C[C>A]A,0.0009023908082112353
Aves,C[C>A]C,0.00025617067677421844
Aves,C[C>A]G,0.0
Aves,C[C>A]T,0.0
Aves,C[C>G]A,0.00045589300480771154
Aves,C[C>G]C,0.0021835307861130847
Aves,C[C>G]G,0.0
Aves,C[C>G]T,0.0
Aves,C[C>T]A,0.01896145605355703
Aves,C[C>T]C,0.04320000563939453
Aves,C[C>T]G,0.02871936361057649
Aves,C[C>T]T,0.0056060932443809264
Aves,C[G>A]A,0.009073289959425477
Aves,C[G>A]C,0.018957778595406174
Aves,C[G>A]G,0.008701430551033822
Aves,C[G>A]T,0.008555690910000496
Aves,C[G>C]A,0.00088728683018077
Aves,C[G>C]C,0.0008529625277431916
Aves,C[G>C]G,0.0
Aves,C[G>C]T,0.0
Aves,C[G>T]A,0.0017388854913279717
Aves,C[G>T]C,0.0025663100447275745
Aves,C[G>T]G,0.002029437624380574
Aves,C[G>T]T,0.0
Aves,C[T>A]A,0.0002550026850407031
Aves,C[T>A]C,0.0008243211835284831
Aves,C[T>A]G,0.00015211394048037692
Aves,C[T>A]T,0.0
Aves,C[T>C]A,0.004282408849389212
Aves,C[T>C]C,0.007403328566073176
Aves,C[T>C]G,0.00305022214484552
Aves,C[T>C]T,0.002443823343234084
Aves,C[T>G]A,0.0004255659214000331
Aves,C[T>G]C,0.0001545158407060985
Aves,C[T>G]G,0.00037362918432934074
Aves,C[T>G]T,0.0
Aves,G[A>C]A,0.0
Aves,G[A>C]C,0.0010109023058128017
Aves,G[A>C]G,0.00033908683981316926
Aves,G[A>C]T,0.0
Aves,G[A>G]A,0.022012603921274115
Aves,G[A>G]C,0.027475885053135078
Aves,G[A>G]G,0.027159438102382475
Aves,G[A>G]T,0.030240053578745523
Aves,G[A>T]A,0.0009789884027945732
Aves,G[A>T]C,0.004502748339893127
Aves,G[A>T]G,0.0007080235171848646
Aves,G[A>T]T,0.0
Aves,G[C>A]A,0.00013019521171126383
Aves,G[C>A]C,0.0
Aves,G[C>A]G,0.00162398627056727
Aves,G[C>A]T,0.0
Aves,G[C>G]A,0.004315968219016111
Aves,G[C>G]C,0.0003852818547493254
Aves,G[C>G]G,0.001507748844459987
Aves,G[C>G]T,0.0
Aves,G[C>T]A,0.02439308862084494
Aves,G[C>T]C,0.027866424355276878
Aves,G[C>T]G,0.020430257305533977
Aves,G[C>T]T,0.03313976709241666
Aves,G[G>A]A,0.006776763981526559
Aves,G[G>A]C,0.006457543438744106
Aves,G[G>A]G,0.0065510567758950145
Aves,G[G>A]T,0.007170419723334221
Aves,G[G>C]A,0.0006280930174226309
Aves,G[G>C]C,0.0006179398884306361
Aves,G[G>C]G,0.00015994766295657
Aves,G[G>C]T,0.0
Aves,G[G>T]A,0.002366398535276715
Aves,G[G>T]C,0.00046178221515811847
Aves,G[G>T]G,0.001042238840236984
Aves,G[G>T]T,0.0
Aves,G[T>A]A,0.000958400488070593
Aves,G[T>A]C,0.0004982191363670185
Aves,G[T>A]G,0.0006862377817782361
Aves,G[T>A]T,0.0
Aves,G[T>C]A,0.008303371736247001
Aves,G[T>C]C,0.00663787993028938
Aves,G[T>C]G,0.005382456918062597
Aves,G[T>C]T,0.006301958323946257
Aves,G[T>G]A,0.0006332339876874123
Aves,G[T>G]C,0.00184384801897068
Aves,G[T>G]G,0.0011827586683706853
Aves,G[T>G]T,0.0
Aves,T[A>C]A,0.0011126216742258384
Aves,T[A>C]C,0.00027922676236881693
Aves,T[A>C]G,0.00011343407015576462
Aves,T[A>C]T,0.0
Aves,T[A>G]A,0.01791834950399417
Aves,T[A>G]C,0.00817753181519893
Aves,T[A>G]G,0.01828983408037267
Aves,T[A>G]T,0.02520024865731749
Aves,T[A>T]A,0.0012050336705331831
Aves,T[A>T]C,0.0007542592154666962
Aves,T[A>T]G,0.0018258580084167563
Aves,T[A>T]T,0.0
Aves,T[C>A]A,6.922133225102307e-05
Aves,T[C>A]C,0.00024728374546334307
Aves,T[C>A]G,0.001147171120921606
Aves,T[C>A]T,0.0
Aves,T[C>G]A,0.0014595686988000131
Aves,T[C>G]C,0.0
Aves,T[C>G]G,0.005515926524627458
Aves,T[C>G]T,0.0
Aves,T[C>T]A,0.026545998116774213
Aves,T[C>T]C,0.020466433667314366
Aves,T[C>T]G,0.01808725956242501
Aves,T[C>T]T,0.015415454031259601
Aves,T[G>A]A,0.005688642176614502
Aves,T[G>A]C,0.005168395330188719
Aves,T[G>A]G,0.009077192123781205
Aves,T[G>A]T,0.006588019459951007
Aves,T[G>C]A,0.00010858668334298768
Aves,T[G>C]C,0.0
Aves,T[G>C]G,0.000306189840212
Aves,T[G>C]T,0.0
Aves,T[G>T]A,0.001191276189482754
Aves,T[G>T]C,0.00041377985802038073
Aves,T[G>T]G,0.0008300448683992054
Aves,T[G>T]T,0.0
Aves,T[T>A]A,0.0004341220342763992
Aves,T[T>A]C,0.00010903070869037847
Aves,T[T>A]G,0.0010351328157658269
Aves,T[T>A]T,0.0
Aves,T[T>C]A,0.003283839986522733
Aves,T[T>C]C,0.0036791502895226415
Aves,T[T>C]G,0.0025898798074418944
Aves,T[T>C]T,0.003578352306166011
Aves,T[T>G]A,0.00036407481517168844
Aves,T[T>G]C,0.0
Aves,T[T>G]G,0.0001826469966663654
Aves,T[T>G]T,0.0
Lepidosauria,A[A>C]A,2.2596752972573448e-05
Lepidosauria,A[A>C]C,0.001168695186797739
Lepidosauria,A[A>C]G,0.0003567513026196424
Lepidosauria,A[A>C]T,0.0
Lepidosauria,A[A>G]A,0.008652804608358591
Lepidosauria,A[A>G]C,0.01693456820296671
Lepidosauria,A[A>G]G,0.010115611295016206
Lepidosauria,A[A>G]T,0.013307023382592575
Lepidosauria,A[A>T]A,0.0011935147738204852
Lepidosauria,A[A>T]C,0.0006711608980929119
Lepidosauria,A[A>T]G,0.0006341584311541712
Lepidosauria,A[A>T]T,0.0
Lepidosauria,A[C>A]A,1.6670414434403954e-05
Lepidosauria,A[C>A]C,0.002381373950310553
Lepidosauria,A[C>A]G,0.00015404164794803447
Lepidosauria,A[C>A]T,0.0
Lepidosauria,A[C>G]A,0.001140679971884471
Lepidosauria,A[C>G]C,0.0017578634969919785
Lepidosauria,A[C>G]G,0.0037136818685008944
Lepidosauria,A[C>G]T,0.0
Lepidosauria,A[C>T]A,0.03179890636293643
Lepidosauria,A[C>T]C,0.05051634829420955
Lepidosauria,A[C>T]G,0.02676681157461496
Lepidosauria,A[C>T]T,0.039741002200676494
Lepidosauria,A[G>A]A,0.004903280813756473
Lepidosauria,A[G>A]C,0.005461547057042401
Lepidosauria,A[G>A]G,0.00440355565248172
Lepidosauria,A[G>A]T,0.005784838065380282
Lepidosauria,A[G>C]A,0.0001809619506468593
Lepidosauria,A[G>C]C,0.0012023686670302165
Lepidosauria,A[G>C]G,7.350546720825424e-05
Lepidosauria,A[G>C]T,0.0
Lepidosauria,A[G>T]A,0.005375569627652396
Lepidosauria,A[G>T]C,0.0032961614477377854
Lepidosauria,A[G>T]G,0.002380488326007016
Lepidosauria,A[G>T]T,0.0
Lepidosauria,A[T>A]A,0.0009880493828283096
Lepidosauria,A[T>A]C,0.00037800564713926443
Lepidosauria,A[T>A]G,0.0006777810164600237
Lepidosauria,A[T>A]T,0.0
Lepidosauria,A[T>C]A,0.005181370270360299
Lepidosauria,A[T>C]C,0.011709298829490572
Lepidosauria,A[T>C]G,0.00299656417156799
Lepidosauria,A[T>C]T,0.018001155645967687
Lepidosauria,A[T>G]A,0.0008763006926968214
Lepidosauria,A[T>G]C,0.0006319678412626775
Lepidosauria,A[T>G]G,0.0014389136155637345
Lepidosauria,A[T>G]T,0.0
Lepidosauria,C[A>C]A,0.0010988192447632977
Lepidosauria,C[A>C]C,0.002599689185326607
Lepidosauria,C[A>C]G,0.001344560793529205
Lepidosauria,C[A>C]T,0.0
Lepidosauria,C[A>G]A,0.006970568711877177
Lepidosauria,C[A>G]C,0.022676257581988945
Lepidosauria,C[A>G]G,0.009564406805780846
Lepidosauria,C[A>G]T,0.008767065865341183
Lepidosauria,C[A>T]A,0.0009573344253203661
Lepidosauria,C[A>T]C,0.0012892143170878522
Lepidosauria,C[A>T]G,0.0008578283970989831
Lepidosauria,C[A>T]T,0.0
Lepidosauria,C[C>A]A,0.006179447392713888
Lepidosauria,C[C>A]C,0.0011370145553846029
Lepidosauria,C[C>A]G,0.002559548095258308
Lepidosauria,C[C>A]T,0.0
Lepidosauria,C[C>G]A,0.0007480406310010876
Lepidosauria,C[C>G]C,0.002357581531734072
Lepidosauria,C[C>G]G,0.0013776466912653169
Lepidosauria,C[C>G]T,0.0
Lepidosauria,C[C>T]A,0.03288627358942113
Lepidosauria,C[C>T]C,0.04393135454004533
Lepidosauria,C[C>T]G,0.0286862773758529
Lepidosauria,C[C>T]T,0.024329457075044313
Lepidosauria,C[G>A]A,0.008917366280538266
Lepidosauria,C[G>A]C,0.011679666943320111
Lepidosauria,C[G>A]G,0.006402726094388893
Lepidosauria,C[G>A]T,0.00878692361614574
Lepidosauria,C[G>C]A,0.0011877920139450413
Lepidosauria,C[G>C]C,0.0007686826222328622
Lepidosauria,C[G>C]G,0.00027502165488495027
Lepidosauria,C[G>C]T,0.0
Lepidosauria,C[G>T]A,0.005291940522802959
Lepidosauria,C[G>T]C,0.0038851247080407053
Lepidosauria,C[G>T]G,0.0014462604401082385
Lepidosauria,C[G>T]T,0.0
Lepidosauria,C[T>A]A,0.000647089890258635
Lepidosauria,C[T>A]C,0.0003374445406469531
Lepidosauria,C[T>A]G,0.0004716126609761203
Lepidosauria,C[T>A]T,0.0
Lepidosauria,C[T>C]A,0.004763029100776849
Lepidosauria,C[T>C]C,0.014113934827662022
Lepidosauria,C[T>C]G,0.0024455176534230534
Lepidosauria,C[T>C]T,0.004170363177684265
Lepidosauria,C[T>G]A,0.00028266285379661976
Lepidosauria,C[T>G]C,0.0009917589409325198
Lepidosauria,C[T>G]G,0.0005925316148926592
Lepidosauria,C[T>G]T,0.0
Lepidosauria,G[A>C]A,0.0008012633201542667
Lepidosauria,G[A>C]C,0.0008013415316873357
Lepidosauria,G[A>C]G,6.604454515097005e-05
Lepidosauria,G[A>C]T,0.0
Lepidosauria,G[A>G]A,0.010738532626290261
Lepidosauria,G[A>G]C,0.01640265140463757
Lepidosauria,G[A>G]G,0.018274727334166768
Lepidosauria,G[A>G]T,0.023548966639246847
Lepidosauria,G[A>T]A,0.0004487317633131899
Lepidosauria,G[A>T]C,0.0024867165114156793
Lepidosauria,G[A>T]G,0.0011252933707732507
Lepidosauria,G[A>T]T,0.0
Lepidosauria,G[C>A]A,0.0011526121504416406
Lepidosauria,G[C>A]C,0.0001724955079763435
Lepidosauria,G[C>A]G,0.0014389186190244352
Lepidosauria,G[C>A]T,0.0
Lepidosauria,G[C>G]A,0.0022570727660523966
Lepidosauria,G[C>G]C,0.00025451017688918527
Lepidosauria,G[C>G]G,0.0016323476257314937
Lepidosauria,G[C>G]T,0.0
Lepidosauria,G[C>T]A,0.030830504880062105
Lepidosauria,G[C>T]C,0.021372664647417085
Lepidosauria,G[C>T]G,0.02468614970913792
Lepidosauria,G[C>T]T,0.02412119997456265
Lepidosauria,G[G>A]A,0.006294626026878327
Lepidosauria,G[G>A]C,0.005010120239288943
Lepidosauria,G[G>A]G,0.005690508267686242
Lepidosauria,G[G>A]T,0.00725200262348432
Lepidosauria,G[G>C]A,3.709508046289661e-05
Lepidosauria,G[G>C]C,0.0010506275212670787
Lepidosauria,G[G>C]G,0.00023705322345619437
Lepidosauria,G[G>C]T,0.0
Lepidosauria,G[G>T]A,0.002827085199016977
Lepidosauria,G[G>T]C,0.0029129008796313313
Lepidosauria,G[G>T]G,0.0013513522799097402
Lepidosauria,G[G>T]T,0.0
Lepidosauria,G[T>A]A,0.0011768720899790306
Lepidosauria,G[T>A]C,0.0001121233120665644
Lepidosauria,G[T>A]G,0.0010776260779995152
Lepidosauria,G[T>A]T,0.0
Lepidosauria,G[T>C]A,0.0050623907905692446
Lepidosauria,G[T>C]C,0.010014194483247776
Lepidosauria,G[T>C]G,0.005130921521478411
Lepidosauria,G[T>C]T,0.004624181483432825
Lepidosauria,G[T>G]A,0.0007654383405402639
Lepidosauria,G[T>G]C,0.00016852698142958813
Lepidosauria,G[T>G]G,0.0017127148333227853
Lepidosauria,G[T>G]T,0.0
Lepidosauria,T[A>C]A,0.00015719389160219718
Lepidosauria,T[A>C]C,0.001139494576430621
Lepidosauria,T[A>C]G,0.00036069376366871744
Lepidosauria,T[A>C]T,0.0
Lepidosauria,T[A>G]A,0.008467909245033822
Lepidosauria,T[A>G]C,0.013455937460592806
Lepidosauria,T[A>G]G,0.010828774232250682
Lepidosauria,T[A>G]T,0.013116855402159766
Lepidosauria,T[A>T]A,0.0021481387592871895
Lepidosauria,T[A>T]C,0.00021359226659501017
Lepidosauria,T[A>T]G,0.0005428868828597193
Lepidosauria,T[A>T]T,0.0
Lepidosauria,T[C>A]A,0.00039748890401387286
Lepidosauria,T[C>A]C,0.0006412897320445355
Lepidosauria,T[C>A]G,0.004437730630834395
Lepidosauria,T[C>A]T,0.0
Lepidosauria,T[C>G]A,0.0010036768261546922
Lepidosauria,T[C>G]C,0.0002655636986533017
Lepidosauria,T[C>G]G,0.0
Lepidosauria,T[C>G]T,0.0
Lepidosauria,T[C>T]A,0.02106001963412727
Lepidosauria,T[C>T]C,0.01432124561824727
Lepidosauria,T[C>T]G,0.02829138556873435
Lepidosauria,T[C>T]T,0.015620004694293615
Lepidosauria,T[G>A]A,0.008856302730598321
Lepidosauria,T[G>A]C,0.007324432434912797
Lepidosauria,T[G>A]G,0.007653877950964216
Lepidosauria,T[G>A]T,0.008389846712451663
Lepidosauria,T[G>C]A,0.0002633382327468672
Lepidosauria,T[G>C]C,0.00021259542847797965
Lepidosauria,T[G>C]G,0.0005678368421606751
Lepidosauria,T[G>C]T,0.0
Lepidosauria,T[G>T]A,0.001997036805062926
Lepidosauria,T[G>T]C,0.0015358031036473215
Lepidosauria,T[G>T]G,0.0011531578886351656
Lepidosauria,T[G>T]T,0.0
Lepidosauria,T[T>A]A,0.0014593629934364742
Lepidosauria,T[T>A]C,0.0006863654859501752
Lepidosauria,T[T>A]G,0.000885580172261818
Lepidosauria,T[T>A]T,0.0
Lepidosauria,T[T>C]A,0.002348117861259691
Lepidosauria,T[T>C]C,0.004336068244753208
Lepidosauria,T[T>C]G,0.002256886505465849
Lepidosauria,T[T>C]T,0.0023663291489597507
Lepidosauria,T[T>G]A,0.0003932650984216413
Lepidosauria,T[T>G]C,0.00023265554956714972
Lepidosauria,T[T>G]G,0.0007283668949281853
Lepidosauria,T[T>G]T,0.0
Mammalia,A[A>C]A,0.0
Mammalia,A[A>C]C,0.0007825867977228754
Mammalia,A[A>C]G,6.365176624533197e-05
Mammalia,A[A>C]T,0.0
Mammalia,A[A>G]A,0.011381230876346547
Mammalia,A[A>G]C,0.017189750572631092
Mammalia,A[A>G]G,0.014680343448828851
Mammalia,A[A>G]T,0.018902015482125657
Mammalia,A[A>T]A,0.0012551255056857434
Mammalia,A[A>T]C,0.0017310188207901038
Mammalia,A[A>T]G,0.0009916800271217471
Mammalia,A[A>T]T,0.0
Mammalia,A[C>A]A,0.00034390745384372894
Mammalia,A[C>A]C,0.001049096720983025
Mammalia,A[C>A]G,0.00027931047673676867
Mammalia,A[C>A]T,0.0
Mammalia,A[C>G]A,0.001318983454014082
Mammalia,A[C>G]C,0.003033697308721905
Mammalia,A[C>G]G,0.0011103931018877282
Mammalia,A[C>G]T,0.0
Mammalia,A[C>T]A,0.029455161580195836
Mammalia,A[C>T]C,0.04251633158334091
Mammalia,A[C>T]G,0.022406669452363557
Mammalia,A[C>T]T,0.02556696242611478
Mammalia,A[G>A]A,0.00655738762833648
Mammalia,A[G>A]C,0.006291151099305459
Mammalia,A[G>A]G,0.005299891764229995
Mammalia,A[G>A]T,0.008196869309502296
Mammalia,A[G>C]A,0.0006351364757887344
Mammalia,A[G>C]C,0.0008936834895234186
Mammalia,A[G>C]G,0.00022615186903404084
Mammalia,A[G>C]T,0.0
Mammalia,A[G>T]A,0.0047130349679670065
Mammalia,A[G>T]C,0.0011399125602623596
Mammalia,A[G>T]G,0.0014717665666159091
Mammalia,A[G>T]T,0.0
Mammalia,A[T>A]A,0.0007350400541746716
Mammalia,A[T>A]C,0.0003207351210780101
Mammalia,A[T>A]G,0.0005463612834491446
Mammalia,A[T>A]T,0.0
Mammalia,A[T>C]A,0.0045425672642568785
Mammalia,A[T>C]C,0.011267925446338553
Mammalia,A[T>C]G,0.002842548235928165
Mammalia,A[T>C]T,0.008418289197616216
Mammalia,A[T>G]A,0.0004546165714129159
Mammalia,A[T>G]C,0.0004724000362074795
Mammalia,A[T>G]G,0.0006398014013080511
Mammalia,A[T>G]T,0.0
Mammalia,C[A>C]A,0.001614662438639733
Mammalia,C[A>C]C,0.0017562843853122872
Mammalia,C[A>C]G,0.00046356481949039836
Mammalia,C[A>C]T,0.0
Mammalia,C[A>G]A,0.01044941839645944
Mammalia,C[A>G]C,0.013735002722721816
Mammalia,C[A>G]G,0.013246582509248568
Mammalia,C[A>G]T,0.01315024295758993
Mammalia,C[A>T]A,0.0013628304005551851
Mammalia,C[A>T]C,0.0010946299246679398
Mammalia,C[A>T]G,0.000670208623891832
Mammalia,C[A>T]T,0.0
Mammalia,C[C>A]A,0.0014180916178907898
Mammalia,C[C>A]C,0.0014658336948119364
Mammalia,C[C>A]G,0.001544884691779045
Mammalia,C[C>A]T,0.0
Mammalia,C[C>G]A,0.00044858546516629187
Mammalia,C[C>G]C,0.0008966388237762858
Mammalia,C[C>G]G,0.0007306875211384449
Mammalia,C[C>G]T,0.0
Mammalia,C[C>T]A,0.027751312050092396
Mammalia,C[C>T]C,0.04535854570557243
Mammalia,C[C>T]G,0.025677206603598565
Mammalia,C[C>T]T,0.0074050916849726705
Mammalia,C[G>A]A,0.010841437119270358
Mammalia,C[G>A]C,0.010786446979081297
Mammalia,C[G>A]G,0.009214958415802102
Mammalia,C[G>A]T,0.008692491716962077
Mammalia,C[G>C]A,0.0002215077163496656
Mammalia,C[G>C]C,0.0010580470584233533
Mammalia,C[G>C]G,0.0005838724661073261
Mammalia,C[G>C]T,0.0
Mammalia,C[G>T]A,0.0035339419687094985
Mammalia,C[G>T]C,0.0017593832755301991
Mammalia,C[G>T]G,0.0029656031202266856
Mammalia,C[G>T]T,0.0
Mammalia,C[T>A]A,0.00045033575000504625
Mammalia,C[T>A]C,0.0005834135515853573
Mammalia,C[T>A]G,0.0006123831220359957
Mammalia,C[T>A]T,0.0
Mammalia,C[T>C]A,0.0037269198608677855
Mammalia,C[T>C]C,0.008275229387818488
Mammalia,C[T>C]G,0.0026690858741344474
Mammalia,C[T>C]T,0.004211179947485954
Mammalia,C[T>G]A,0.0002439478150387681
Mammalia,C[T>G]C,0.00036274563705622086
Mammalia,C[T>G]G,0.0005240441007086365
Mammalia,C[T>G]T,0.0
Mammalia,G[A>C]A,0.00013955313540847596
Mammalia,G[A>C]C,0.000723598796679006
Mammalia,G[A>C]G,0.00037150667894966257
Mammalia,G[A>C]T,0.0
Mammalia,G[A>G]A,0.015228677579614346
Mammalia,G[A>G]C,0.022513017520654103
Mammalia,G[A>G]G,0.019181572184956044
Mammalia,G[A>G]T,0.025789412326269412
Mammalia,G[A>T]A,0.0012496381576649256
Mammalia,G[A>T]C,0.0016299772663624927
Mammalia,G[A>T]G,0.0009469779090901888
Mammalia,G[A>T]T,0.0
Mammalia,G[C>A]A,0.0005490351534889482
Mammalia,G[C>A]C,0.0006985036617636364
Mammalia,G[C>A]G,0.0016008374755756452
Mammalia,G[C>A]T,0.0
Mammalia,G[C>G]A,0.003250926274602561
Mammalia,G[C>G]C,0.0006422692006301094
Mammalia,G[C>G]G,0.0010637560706616683
Mammalia,G[C>G]T,0.0
Mammalia,G[C>T]A,0.02764672668613524
Mammalia,G[C>T]C,0.02891303842976896
Mammalia,G[C>T]G,0.018919382100140162
Mammalia,G[C>T]T,0.020816011698839995
Mammalia,G[G>A]A,0.009129688432290175
Mammalia,G[G>A]C,0.00783263327183381
Mammalia,G[G>A]G,0.008150383919403245
Mammalia,G[G>A]T,0.01249244873718272
Mammalia,G[G>C]A,0.00022212502910245929
Mammalia,G[G>C]C,0.0008856791937967921
Mammalia,G[G>C]G,0.0001423513756543402
Mammalia,G[G>C]T,0.0
Mammalia,G[G>T]A,0.0026033377754247113
Mammalia,G[G>T]C,0.0016341191292923514
Mammalia,G[G>T]G,0.0007294752600898223
Mammalia,G[G>T]T,0.0
Mammalia,G[T>A]A,0.0023759782041906687
Mammalia,G[T>A]C,0.0012979416879146206
Mammalia,G[T>A]G,0.0009452221204182457
Mammalia,G[T>A]T,0.0
Mammalia,G[T>C]A,0.005177096959399453
Mammalia,G[T>C]C,0.00952862887995918
Mammalia,G[T>C]G,0.004194341092505936
Mammalia,G[T>C]T,0.005812730714820403
Mammalia,G[T>G]A,0.0006153097912453058
Mammalia,G[T>G]C,0.0006081640485163219
Mammalia,G[T>G]G,0.0008937209898992871
Mammalia,G[T>G]T,0.0
Mammalia,T[A>C]A,0.00018539207125563693
Mammalia,T[A>C]C,0.000535567378093428
Mammalia,T[A>C]G,0.0002770443825632008
Mammalia,T[A>C]T,0.0
Mammalia,T[A>G]A,0.013621779672103389
Mammalia,T[A>G]C,0.01701580485779833
Mammalia,T[A>G]G,0.016033409358599347
Mammalia,T[A>G]T,0.017547997886241843
Mammalia,T[A>T]A,0.0020813073299702743
Mammalia,T[A>T]C,0.0013385814074856604
Mammalia,T[A>T]G,0.000843319463545352
Mammalia,T[A>T]T,0.0
Mammalia,T[C>A]A,0.0017663261166064282
Mammalia,T[C>A]C,0.0011749965373249263
Mammalia,T[C>A]G,0.0013138950853814717
Mammalia,T[C>A]T,0.0
Mammalia,T[C>G]A,0.0015614795731538303
Mammalia,T[C>G]C,0.0013505965789301418
Mammalia,T[C>G]G,0.001062038185370681
Mammalia,T[C>G]T,0.0
Mammalia,T[C>T]A,0.014555883913464832
Mammalia,T[C>T]C,0.030607666430579075
Mammalia,T[C>T]G,0.02009150209637979
Mammalia,T[C>T]T,0.019739410677874384
Mammalia,T[G>A]A,0.01201408516827766
Mammalia,T[G>A]C,0.00902660035823515
Mammalia,T[G>A]G,0.010989058834693442
Mammalia,T[G>A]T,0.011903202139304236
Mammalia,T[G>C]A,0.0003023299427789345
Mammalia,T[G>C]C,0.0006102528621048045
Mammalia,T[G>C]G,0.000258419743617368
Mammalia,T[G>C]T,0.0
Mammalia,T[G>T]A,0.0020809914075785676
Mammalia,T[G>T]C,0.0009364566732742373
Mammalia,T[G>T]G,0.0010871991172342252
Mammalia,T[G>T]T,0.0
Mammalia,T[T>A]A,0.0016186846012701886
Mammalia,T[T>A]C,0.0006865402650942258
Mammalia,T[T>A]G,0.001078126158923446
Mammalia,T[T>A]T,0.0
Mammalia,T[T>C]A,0.00413219287371979
Mammalia,T[T>C]C,0.005006472766225868
Mammalia,T[T>C]G,0.0024334455191087757
Mammalia,T[T>C]T,0.0033992810985805045
Mammalia,T[T>G]A,0.0003745535185651147
Mammalia,T[T>G]C,0.00039402190789390506
Mammalia,T[T>G]G,0.0005378240019891818
Mammalia,T[T>G]T,0.0
Human Cancer,A[A>C]A,0.0
Human Cancer,A[A>C]C,0.0
Human Cancer,A[A>C]G,0.0
Human Cancer,A[A>C]T,0.0
Human Cancer,A[A>G]A,0.00034317089910775484
Human Cancer,A[A>G]C,0.0005865102639296188
Human Cancer,A[A>G]G,0.00065654134021972
Human Cancer,A[A>G]T,0.0004887585532746818
Human Cancer,A[A>T]A,0.0
Human Cancer,A[A>T]C,0.0
Human Cancer,A[A>T]G,0.0
Human Cancer,A[A>T]T,0.0
Human Cancer,A[C>A]A,0.0
Human Cancer,A[C>A]C,0.0
Human Cancer,A[C>A]G,0.0
Human Cancer,A[C>A]T,0.0
Human Cancer,A[C>G]A,0.00016291951775822744
Human Cancer,A[C>G]C,0.0
Human Cancer,A[C>G]G,0.0002932551319648094
Human Cancer,A[C>G]T,0.0
Human Cancer,A[C>T]A,0.001466275659824047
Human Cancer,A[C>T]C,0.002565982404692082
Human Cancer,A[C>T]G,0.005278592375366569
Human Cancer,A[C>T]T,0.002932551319648094
Human Cancer,A[G>A]A,0.00012862067191438857
Human Cancer,A[G>A]C,9.775171065493607e-05
Human Cancer,A[G>A]G,5.4106112908636366e-05
Human Cancer,A[G>A]T,0.00011018256403301994
Human Cancer,A[G>C]A,0.0
Human Cancer,A[G>C]C,0.0
Human Cancer,A[G>C]G,0.0
Human Cancer,A[G>C]T,0.0
Human Cancer,A[G>T]A,3.119735446434135e-05
Human Cancer,A[G>T]C,0.0
Human Cancer,A[G>T]G,1.4517580790337095e-05
Human Cancer,A[G>T]T,0.0
Human Cancer,A[T>A]A,0.0
Human Cancer,A[T>A]C,0.00018328445747800586
Human Cancer,A[T>A]G,0.0
Human Cancer,A[T>A]T,0.0
Human Cancer,A[T>C]A,0.00012937726410212113
Human Cancer,A[T>C]C,0.0003472758141688531
Human Cancer,A[T>C]G,1.8560451390177713e-05
Human Cancer,A[T>C]T,0.0001675743611227478
Human Cancer,A[T>G]A,0.0
Human Cancer,A[T>G]C,0.0
Human Cancer,A[T>G]G,1.8560451390177713e-05
Human Cancer,A[T>G]T,0.0
Human Cancer,C[A>C]A,0.0003998933617701946
Human Cancer,C[A>C]C,0.0
Human Cancer,C[A>C]G,0.0
Human Cancer,C[A>C]T,0.0
Human Cancer,C[A>G]A,0.0005539263603779727
Human Cancer,C[A>G]C,0.0006284038542103055
Human Cancer,C[A>G]G,0.00035190615835777126
Human Cancer,C[A>G]T,0.0005430650591940909
Human Cancer,C[A>T]A,0.0
Human Cancer,C[A>T]C,0.0
Human Cancer,C[A>T]G,0.0
Human Cancer,C[A>T]T,0.0
Human Cancer,C[C>A]A,0.0
Human Cancer,C[C>A]C,0.0
Human Cancer,C[C>A]G,0.0
Human Cancer,C[C>A]T,0.0
Human Cancer,C[C>G]A,0.0
Human Cancer,C[C>G]C,0.0
Human Cancer,C[C>G]G,0.0
Human Cancer,C[C>G]T,0.0
Human Cancer,C[C>T]A,0.00160592096075967
Human Cancer,C[C>T]C,0.0021994134897360706
Human Cancer,C[C>T]G,0.0032258064516129037
Human Cancer,C[C>T]T,0.0020527859237536657
Human Cancer,C[G>A]A,0.000203649397197783
Human Cancer,C[G>A]C,0.00013329778725673137
Human Cancer,C[G>A]G,0.0001777303830089748
Human Cancer,C[G>A]T,8.459282652831026e-05
Human Cancer,C[G>C]A,0.0
Human Cancer,C[G>C]C,0.0
Human Cancer,C[G>C]G,0.0
Human Cancer,C[G>C]T,0.0
Human Cancer,C[G>T]A,9.164222873900293e-05
Human Cancer,C[G>T]C,0.00017250301880282902
Human Cancer,C[G>T]G,8.88651915044874e-05
Human Cancer,C[G>T]T,0.0
Human Cancer,C[T>A]A,1.423568601770909e-05
Human Cancer,C[T>A]C,5.430650591940909e-05
Human Cancer,C[T>A]G,3.187555782226188e-05
Human Cancer,C[T>A]T,0.0
Human Cancer,C[T>C]A,6.4961579865622e-05
Human Cancer,C[T>C]C,0.00022132462789796833
Human Cancer,C[T>C]G,4.781333673339282e-05
Human Cancer,C[T>C]T,8.977197917290073e-05
Human Cancer,C[T>G]A,2.847137203541818e-05
Human Cancer,C[T>G]C,0.0
Human Cancer,C[T>G]G,0.0
Human Cancer,C[T>G]T,0.0
Human Cancer,G[A>C]A,0.0
Human Cancer,G[A>C]C,0.0
Human Cancer,G[A>C]G,0.0
Human Cancer,G[A>C]T,0.0
Human Cancer,G[A>G]A,0.0004301075268817194
Human Cancer,G[A>G]C,0.0025941800135348514
Human Cancer,G[A>G]G,0.0010804136440808762
Human Cancer,G[A>G]T,0.0010350181128169743
Human Cancer,G[A>T]A,0.0
Human Cancer,G[A>T]C,0.0
Human Cancer,G[A>T]G,0.0
Human Cancer,G[A>T]T,0.0
Human Cancer,G[C>A]A,0.0
Human Cancer,G[C>A]C,0.0
Human Cancer,G[C>A]G,0.0
Human Cancer,G[C>A]T,0.0
Human Cancer,G[C>G]A,8.625150940141451e-05
Human Cancer,G[C>G]C,0.0
Human Cancer,G[C>G]G,0.0
Human Cancer,G[C>G]T,0.0
Human Cancer,G[C>T]A,0.0014204545454545455
Human Cancer,G[C>T]C,0.0022808732486151837
Human Cancer,G[C>T]G,0.0021327645961077045
Human Cancer,G[C>T]T,0.0018046469659372879
Human Cancer,G[G>A]A,0.00015677161142772756
Human Cancer,G[G>A]C,0.00023151720944590204
Human Cancer,G[G>A]G,0.0002216463206710733
Human Cancer,G[G>A]T,0.00015434480629726802
Human Cancer,G[G>C]A,3.808508207335161e-05
Human Cancer,G[G>C]C,4.5821114369501466e-05
Human Cancer,G[G>C]G,8.524858487348974e-06
Human Cancer,G[G>C]T,0.0
Human Cancer,G[G>T]A,3.808508207335161e-05
Human Cancer,G[G>T]C,0.0
Human Cancer,G[G>T]G,2.5574575462046924e-05
Human Cancer,G[G>T]T,0.0
Human Cancer,G[T>A]A,4.1893590280686804e-05
Human Cancer,G[T>A]C,0.0
Human Cancer,G[T>A]G,0.0
Human Cancer,G[T>A]T,0.0
Human Cancer,G[T>C]A,0.00014541576791643343
Human Cancer,G[T>C]C,0.00017049716974698167
Human Cancer,G[T>C]G,6.28403854210302e-05
Human Cancer,G[T>C]T,9.309686729041524e-05
Human Cancer,G[T>G]A,0.0
Human Cancer,G[T>G]C,7.331378299120235e-05
Human Cancer,G[T>G]G,0.00014662756598240396
Human Cancer,G[T>G]T,0.0
Human Cancer,T[A>C]A,0.0
Human Cancer,T[A>C]C,0.0
Human Cancer,T[A>C]G,0.0
Human Cancer,T[A>C]T,0.0
Human Cancer,T[A>G]A,0.0004887585532746811
Human Cancer,T[A>G]C,0.0
Human Cancer,T[A>G]G,0.0003720400927911746
Human Cancer,T[A>G]T,0.000520291363163371
Human Cancer,T[A>T]A,0.0
Human Cancer,T[A>T]C,0.0
Human Cancer,T[A>T]G,2.1884711340657333e-05
Human Cancer,T[A>T]T,0.0
Human Cancer,T[C>A]A,0.0
Human Cancer,T[C>A]C,0.0
Human Cancer,T[C>A]G,0.0
Human Cancer,T[C>A]T,0.0
Human Cancer,T[C>G]A,0.0
Human Cancer,T[C>G]C,0.0
Human Cancer,T[C>G]G,0.00024437927663734104
Human Cancer,T[C>G]T,0.0
Human Cancer,T[C>T]A,0.001532924553452411
Human Cancer,T[C>T]C,0.002932551319648094
Human Cancer,T[C>T]G,0.0026881720430107516
Human Cancer,T[C>T]T,0.001466275659824047
Human Cancer,T[G>A]A,0.0002403730589875469
Human Cancer,T[G>A]C,0.00032991202346041056
Human Cancer,T[G>A]G,0.00025377847958493076
Human Cancer,T[G>A]T,0.0001918491517526777
Human Cancer,T[G>C]A,0.0
Human Cancer,T[G>C]C,0.0
Human Cancer,T[G>C]G,0.0
Human Cancer,T[G>C]T,0.0
Human Cancer,T[G>T]A,8.145975887911319e-05
Human Cancer,T[G>T]C,0.0
Human Cancer,T[G>T]G,1.8798405895180058e-05
Human Cancer,T[G>T]T,0.0
Human Cancer,T[T>A]A,4.443259575224384e-05
Human Cancer,T[T>A]C,0.0
Human Cancer,T[T>A]G,1.4517580790337095e-05
Human Cancer,T[T>A]T,0.0
Human Cancer,T[T>C]A,6.30656197773783e-05
Human Cancer,T[T>C]C,0.00019994668088509706
Human Cancer,T[T>C]G,1.4517580790337095e-05
Human Cancer,T[T>C]T,1.8798405895180058e-05
Human Cancer,T[T>G]A,0.0
Human Cancer,T[T>G]C,0.0
Human Cancer,T[T>G]G,1.4517580790337095e-05
Human Cancer,T[T>G]T,0.0
